player_id,Player,Status_norm,Comment,Last_Updated
1630228,Jonathan Kuminga,O,"Feb 7: Kuminga will have his left knee injury re-evaluated by medical staff after the All-Star break, Michael Scotto of USA Today reports.",2026-02-16 17:01:38
1628369,Jayson Tatum,O,"Feb 12: Tatum (Achilles) said that he was ""feeling good"" after taking part in practice with the G League's Maine Celtics on Tuesday, but he remained non-committal about returning to action during the 2025-26 season, Taylor Snow of the Celtics' official site reports. ""[It's been] 39 weeks [since Achilles surgery], so it's been a long journey,"" Tatum said. ""[Practicing] was the next step. Doesn't mean that I'm coming back [this season] or I'm not. It's just following the plan.""",2026-02-16 17:01:38
1641730,Noah Clowney,O,"Feb 11: Clowney (ankle) has been ruled out for Wednesday's game against the Pacers, C.J. Holmes of the New York Daily News reports.",2026-02-16 17:01:38
1629651,Nic Claxton,O,"Feb 11: Claxton (hip) has been ruled out for Wednesday's game against the Pacers, C.J. Holmes of the New York Daily News reports.",2026-02-16 17:01:38
1629008,Michael Porter Jr.,O,"Feb 10: Porter (knee) will not play Wednesday against the Pacers, Meghan Triplett of YES Network reports.",2026-02-16 17:01:38
1642862,Liam McNeeley,O,Feb 10: McNeeley (ankle) is out for Wednesday's game against the Hawks.,2026-02-16 17:01:38
1629632,Coby White,O,"Feb 5: White will be held out through the All-Star break in an abundance of caution to help rest his ailing right calf, Roderick Boone of The Charlotte Observer reports.",2026-02-16 17:01:38
1630188,Jalen Smith,O,Feb 11: Smith (calf) will remain on the inactive list for Wednesday's game in Boston.,2026-02-16 17:01:38
1630200,Tre Jones,O,Feb 11: Jones (hamstring) is listed as out for Wednesday's game against Boston.,2026-02-16 17:01:38
1630581,Josh Giddey,O,Feb 11: Giddey (hamstring) has been ruled out for Wednesday's game against the Celtics.,2026-02-16 17:01:38
1630171,Isaac Okoro,O,Feb 11: Okoro (knee) won't play in Wednesday's game against the Celtics.,2026-02-16 17:01:38
1628380,Zach Collins,O,"Jan 14: Head coach Billy Donovan said he doesn't think Collins (toe) will return before the All-Star break, which begins Feb. 13, K.C. Johnson of Chicago Sports Network reports.",2026-02-16 17:01:38
1642855,Noa Essengue,O,"Dec 3: Essengue will undergo left shoulder surgery and will miss the remainder of the 2025-26 season, K.C. Johnson of Chicago Sports Network reports.",2026-02-16 17:01:38
1630596,Evan Mobley,O,"Feb 12: Cavaliers head coach Kenny Atkinson said Wednesday that Mobley (calf) should return to action right after the All-Star break, Danny Cunningham of Sports Radio 92.3 The Fan Cleveland reports.",2026-02-16 17:01:38
1629731,Dean Wade,O,Feb 10: Wade (ankle) has been ruled out for Wednesday's game against Washington.,2026-02-16 17:01:38
1629622,Max Strus,O,"Jan 6: Strus (foot) is expected to miss at least four more weeks, Marc J. Spears of ESPN.com reports.",2026-02-16 17:01:38
1629655,Daniel Gafford,O,"Feb 13: Gafford won't return to Thursday's game against the Lakers due to right ankle soreness. He tallied two points (1-2 FG), six rebounds, one assist and one block in 28 minutes.",2026-02-16 17:01:38
1630230,Naji Marshall,O,"Feb 13: Marshall has been ruled out for the rest of Thursday's game against the Lakers due to a left foot strain. He collected 19 points (8-13 FG, 0-3 3Pt, 3-5 FT), two rebounds, four assists and two steals in 29 minutes.",2026-02-16 17:01:38
1628997,Caleb Martin,O,Feb 12: Martin has been ruled out for Thursday's game against the Lakers.,2026-02-16 17:01:38
1642843,Cooper Flagg,O,Feb 11: Flagg (foot) has been ruled out for Thursday's game against the Lakers.,2026-02-16 17:01:38
202681,Kyrie Irving,O,"Feb 3: Mavericks head coach Jason Kidd said Jan. 22 that Irving (knee) ""probably"" won't be ready to make his season debut until after the All-Star break, Dwain Price of the team's official site reports.",2026-02-16 17:01:38
1641726,Dereck Lively II,O,Dec 21: Lively successfully underwent surgery on his right foot Sunday.,2026-02-16 17:01:38
1629618,Jalen Pickett,O,Feb 12: Pickett (knee) did not return to Wednesday's 122-116 win over the Grizzlies.,2026-02-16 17:01:38
1642461,Spencer Jones,O,"Feb 11: Jones (concussion) won't play Wednesday against the Grizzlies, Bennett Durando of The Denver Post reports.",2026-02-16 17:01:38
1631212,Peyton Watson,O,"Feb 6: Watson is expected to miss at least four weeks with his Grade 2 right hamstring strain, Michael Scotto of USA Today reports.",2026-02-16 17:01:38
203932,Aaron Gordon,O,"Jan 29: Gordon (hamstring) will be re-evaluated in 4-to-6 weeks, Shams Charania of ESPN reported Thursday.",2026-02-16 17:01:38
1642926,Tamar Bates,O,Dec 22: The Nuggets announced Monday that Bates (foot) will be re-evaluated in 12 weeks.,2026-02-16 17:01:38
1641842,Ronald Holland II,O,Feb 10: Holland (personal) is out for Wednesday's game against the Raptors.,2026-02-16 17:01:38
1642954,Will Richard,O,"Feb 11: Richard (knee) won't play in Wednesday's game against the Spurs, Dalton Johnson of NBC Sports Bay Area reports.",2026-02-16 17:01:38
1643018,L.J. Cryer,O,Feb 10: Cryer (hamstring) is out for Wednesday's game against the Spurs.,2026-02-16 17:01:38
201939,Stephen Curry,O,"Feb 9: Curry (knee), who is out Monday against Memphis, has also been ruled out for Wednesday's game against San Antonio, Sam Gordon of the San Francisco Chronicle reports.",2026-02-16 17:01:38
202710,Jimmy Butler III,O,Feb 9: Butler underwent successful surgery Monday to repair a torn right anterior cruciate ligament.,2026-02-16 17:01:38
204001,Kristaps Porzingis,O,"Feb 7: The Warriors plan to have Porzingis (Achilles) wait until after the All-Star break to make his team debut, Danny Emerman of SFStandard.com reports.",2026-02-16 17:01:38
203552,Seth Curry,O,Jan 31: The Warriors announced Saturday that Curry (back) has progressed to on-court workouts and will be re-evaluated again in two weeks.,2026-02-16 17:01:38
1627827,Dorian Finney-Smith,O,Feb 11: Finney-Smith (rest) will not play Wednesday against the Clippers.,2026-02-16 17:01:38
203500,Steven Adams,O,"Jan 28: The Rockets announced Wednesday that Adams has undergone season-ending left ankle surgery, per Shams Charania of ESPN.",2026-02-16 17:01:38
1627832,Fred VanVleet,O,"Sep 22: VanVleet suffered a torn ACL and may be out for the entire 2025-26 campaign, Shams Charania of ESPN reports.",2026-02-16 17:01:38
1629614,Andrew Nembhard,O,Feb 11: Nembhard (rest) will not play Wednesday against the Nets.,2026-02-16 17:01:38
204456,T.J. McConnell,O,Feb 11: McConnell will be rested Wednesday against Brooklyn.,2026-02-16 17:01:38
1630174,Aaron Nesmith,O,Feb 11: Nesmith (rest) is out Wednesday against the Nets.,2026-02-16 17:01:38
1627826,Ivica Zubac,O,Feb 10: Pacers coach Rick Carlisle said on The Fan Morning Show on Tuesday that Zubac (ankle) will miss the next two games for Indiana.,2026-02-16 17:01:38
1642277,Johnny Furphy,O,"Feb 9: Furphy was diagnosed with a torn right ACL on Monday and will miss the remainder of the season, Michael Scotto of USA Today reports.",2026-02-16 17:01:38
1630167,Obi Toppin,O,"Jan 31: Toppin (foot) is ahead of schedule in his recovery, but coach Rick Carlisle said he doesn't have a timetable yet, Dustin Dopirak of The Indianapolis Star reports.",2026-02-16 17:01:38
1630169,Tyrese Haliburton,O,"Jan 27: Haliburton said Tuesday in his appearance on the ""Mind the Game"" podcast that he has resumed taking part in 3-on-3 and 4-on-4 work on the court while he continues to recover from right Achilles surgery.",2026-02-16 17:01:38
201587,Nicolas Batum,O,"Feb 13: Batum will be rested Wednesday against Houston, NBA writer Justin Russo reports.",2026-02-16 17:01:38
1629636,Darius Garland,O,"Feb 9: Garland (toe) has no timetable for a return, Law Murray of The Athletic reports.",2026-02-16 17:01:38
203078,Bradley Beal,O,"Nov 12: Beal will undergo season-ending surgery on his left hip, ESPN's Shams Charania reports.",2026-02-16 17:01:38
1629028,Deandre Ayton,O,"Feb 12: Ayton (knee), who has been ruled out for Thursday's game against Dallas, is being considered day-to-day, Law Murray of The Athletic reports.",2026-02-16 17:01:38
1642907,Cedric Coward,O,"Feb 13: Coward (knee) will miss the Rising Stars Game on Friday, Damichael Cole of The Memphis Commercial Appeal reports.",2026-02-16 17:01:38
1629630,Ja Morant,O,"Feb 12: Grizzlies general manager Zach Kleiman said Friday that Morant (elbow) is ramping up, but the two-time All-Star is uncertain to return to action following the All-Star break, Clay Bailey of the Associated Press reports. ""I will continue to say, [he is] currently rehabbing. He's attacking his rehab,"" Kleiman said of Morant. ""It's a medical determination [when he returns].""",2026-02-16 17:01:38
1642383,Walter Clayton Jr.,O,Feb 11: Clayton (calf) won't play in Wednesday's game against the Nuggets.,2026-02-16 17:01:38
1630583,Santi Aldama,O,Feb 10: Aldama (knee) is out for Wednesday's game against the Nuggets.,2026-02-16 17:01:38
1641744,Zach Edey,O,Jan 14: The Grizzlies announced Wednesday that Edey continues to recover from a stress reaction in his left ankle and will maintain his current plan of offloading and rehabilitation before being re-evaluated in six weeks.,2026-02-16 17:01:38
1629634,Brandon Clarke,O,"Jan 14: Clarke is progressing well from his Grade 2 right calf strain and is expected to return in four to six weeks, the Grizzlies announced Wednesday.",2026-02-16 17:01:38
203952,Andrew Wiggins,O,Feb 11: Wiggins (toe) has been ruled out for Wednesday's game against the Pelicans.,2026-02-16 17:01:38
1641796,Pelle Larsson,O,"Feb 10: Anthony Chiang of the Miami HeraldLarsson (elbow) will not play Wednesday against the Pelicans, Anthony Chiang of the Miami Herald reports.",2026-02-16 17:01:38
1629639,Tyler Herro,O,"Feb 10: Herro (ribs) will remain out for Wednesday's game in New Orleans, Anthony Chiang of the Miami Herald reports.",2026-02-16 17:01:38
1626179,Terry Rozier,O,"Oct 23: The NBA placed Rozier on immediate leave from the Heat on Thursday, ESPN's Shams Charania reports.",2026-02-16 17:01:38
203507,Giannis Antetokounmpo,O,"Feb 16: Antetokounmpo (calf) said Saturday that he feels ""100 percent"" healthy, though he didn't confirm that he'll be cleared to play in the Bucks' next game Friday in New Orleans. ""I feel like the [All-Star] break doesn't help, because now I gotta get on the court, I gotta play some 1-on-1, 3-on-3, 5 vs. 5...Once I check all those boxes, I'm ready to go. I feel like I can play a game today.""",2026-02-16 17:01:38
1626167,Myles Turner,O,Feb 12: Turner won't play Thursday against the Thunder due to right calf soreness.,2026-02-16 17:01:38
1631157,Ryan Rollins,O,"Feb 12: Rollins (foot) has been ruled out for Thursday's game against the Thunder, Brandon Rahbar of DailyThunder.com reports.",2026-02-16 17:01:38
1627752,Taurean Prince,O,"Jan 1: The Bucks applied for a Disabled Player Exception for Prince earlier this month, indicating that they anticipate that he's ""substantially more likely than not"" to be unable to play through June 15, Eric Nehm of The Athletic reports.",2026-02-16 17:01:38
1630545,Terrence Shannon Jr.,O,Feb 12: The Timberwolves recalled Shannon (foot) from the G League's Iowa Wolves on Wednesday.,2026-02-16 17:01:38
1630530,Trey Murphy III,O,Feb 12: Murphy has been ruled out for the remainder of Wednesday's game against Miami due to right shoulder soreness.,2026-02-16 17:01:38
1642274,Yves Missi,O,Feb 11: Missi (calf) is listed as out for Wednesday's game against the Heat.,2026-02-16 17:01:38
1642877,Micah Peavy,O,Feb 11: Peavy (toe) will not play Wednesday against Miami.,2026-02-16 17:01:38
1627749,Dejounte Murray,O,"Feb 8: Murray (Achilles) participated in Sunday's practice, Will Guillory of The Athletic reports.",2026-02-16 17:01:38
1628384,OG Anunoby,O,"Feb 11: Head coach Mike Brown said Wednesday that Anunoby (toe) is day-to-day entering the All-Star Break, Stefan Bondy of The New York Post reports.",2026-02-16 17:01:38
1630540,Miles McBride,O,"Feb 5: McBride will undergo surgery for a core muscle injury and may be sidelined until the playoffs, James L. Edwards III of The Athletic reports.",2026-02-16 17:01:38
1642382,Branden Carlson,O,Feb 12: Carlson is out for Thursday's game against the Bucks due to lower-back spasms.,2026-02-16 17:01:38
1631114,Jalen Williams,O,Feb 12: Williams is out for Thursday's game against the Bucks with a strained right hamstring.,2026-02-16 17:01:38
1642349,Ajay Mitchell,O,Feb 12: Mitchell (abdomen) is out for Thursday's game against the Bucks.,2026-02-16 17:01:38
1628392,Isaiah Hartenstein,O,Feb 12: Hartenstein (rest) is out for Thursday's game against the Bucks.,2026-02-16 17:01:38
1628983,Shai Gilgeous-Alexander,O,"Feb 4: Gilgeous-Alexander is dealing with an abdominal injury and he'll be re-evaluated after the All-Star break, Shams Charania of ESPN reports.",2026-02-16 17:01:38
1642850,Thomas Sorber,O,"Sep 5: The Thunder announced Friday that Sorber has sustained a torn ACL in his right knee during an offseason workout, NBA reporter Marc Stein reports.",2026-02-16 17:01:38
1641724,Jett Howard,O,Feb 11: Howard has a left ankle sprain and will not play Wednesday against the Bucks.,2026-02-16 17:01:38
1630658,Colin Castleton,O,"Nov 24: The Magic plan to sign Castleton to a two-way deal, Michael Scotto of USA Today reports.",2026-02-16 17:01:38
1629656,Quentin Grimes,O,Feb 11: Grimes (illness) has been ruled out for Wednesday's game against the Knicks.,2026-02-16 17:01:38
203954,Joel Embiid,O,"Feb 11: Embiid (knee) has been ruled out for Wednesday's game against the Knicks, Tim Bontemps of ESPN.com reports.",2026-02-16 17:01:38
1630224,Jalen Green,O,"Feb 11: Green (hamstring) has been ruled out for Wednesday's game against the Thunder, Amanda Pflugrad of 3TV Phoenix reports.",2026-02-16 17:01:38
1630175,Cole Anthony,O,Feb 11: Anthony (not with team) is out for Wednesday's game against the Thunder.,2026-02-16 17:01:38
1630587,Isaiah Livers,O,"Feb 7: Livers (shoulder) will be re-evaluated after the All-Star break, Duane Rankin of The Arizona Republic reports.",2026-02-16 17:01:38
1628960,Grayson Allen,O,"Feb 7: Allen (knee) will be reevaluated after the All-Star break, Duane Rankin of The Arizona Republic reports.",2026-02-16 17:01:38
203081,Damian Lillard,O,"Feb 14: Lillard (Achilles) defeated Devin Booker and Kon Knueppel in the final round of Saturday's 2026 State Farm 3-Point Contest, taking home his third title.",2026-02-16 17:01:38
1629057,Robert Williams III,O,Feb 12: Williams (knee) has been ruled out for Thursday's game against the Jazz.,2026-02-16 17:01:38
1631200,Kris Murray,O,Feb 12: Murray (back) is out for Thursday's game against Utah.,2026-02-16 17:01:38
1631101,Shaedon Sharpe,O,Feb 12: Sharpe (calf) is out for Thursday's game against Utah.,2026-02-16 17:01:38
1629680,Matisse Thybulle,O,Feb 10: Thybulle (thumb/knee) has been ruled out for Wednesday's game against the Timberwolves.,2026-02-16 17:01:38
203897,Zach LaVine,O,"Feb 13: LaVine will undergo season-ending surgery on his right hand after the All-Star break, Chris Haynes of NBA TV reports.",2026-02-16 17:01:38
201566,Russell Westbrook,O,Feb 10: Westbrook has been ruled out for Wednesday's game against the Jazz due to left ankle soreness.,2026-02-16 17:01:38
1628370,Malik Monk,O,Feb 10: Monk (illness) is out for Wednesday's game against the Jazz.,2026-02-16 17:01:38
1627734,Domantas Sabonis,O,Feb 10: Sabonis (back) is out for Wednesday's game against the Jazz.,2026-02-16 17:01:38
1629631,De'Andre Hunter,O,"Feb 8: Hunter (eye) will be reevaluated in about 10 days, Jason Anderson of The Sacramento Bee reports.",2026-02-16 17:01:38
1631099,Keegan Murray,O,"Feb 3: Murray (ankle) will be re-evaluated in two weeks, Jason Anderson of The Sacramento Bee reports.",2026-02-16 17:01:38
1630322,Lindy Waters III,O,Feb 11: Waters (knee) is out for Wednesday's game against the Warriors.,2026-02-16 17:01:38
1642357,David Jones Garcia,O,"Feb 4: Jones Garcia underwent ankle surgery Wednesday and will miss the remainder of the 2025-26 season, Tom Orsborn of the San Antonio Express-News reports.",2026-02-16 17:01:38
1642935,Chucky Hepburn,O,"Jan 6: Hepburn produced 17 points (6-10 FG, 1-4 3Pt, 2-2 FT), 15 assists, two rebounds and three steals in 35 minutes of Wednesday's 115-108 G League win over the Delaware Blue Coats.",2026-02-16 17:01:38
1631131,Oscar Tshiebwe,O,Feb 12: Tshiebwe won't return to Thursday's game against Portland after being placed in concussion protocol.,2026-02-16 17:01:38
1641718,Keyonte George,O,Feb 12: George (ankle) will not play Thursday against Portland.,2026-02-16 17:01:38
1628991,Jaren Jackson Jr.,O,"Feb 12: Jackson was diagnosed with a localized PVNS growth in his left knee and will miss the remainder of the season, Chris Haynes of NBA TV reports.",2026-02-16 17:01:38
1641989,Elijah Harkless,O,"Jan 30: Harkless (hamstring) said Friday that he expects to miss about two more weeks, Andy Larsen of The Salt Lake Tribune reports.",2026-02-16 17:01:38
1631117,Walker Kessler,O,"Nov 5: Kessler will undergo left shoulder surgery and will miss the remainder of the 2025-26 season, Tony Jones of The Athletic reports.",2026-02-16 17:01:38
1642259,Alex Sarr,O,Feb 12: The Wizards announced Thursday that Sarr has been diagnosed with a right hamstring strain and is expected to face a two-week recovery timeline.,2026-02-16 17:01:38
1641774,Tristan Vukcevic,O,Feb 11: Vukcevic (illness) is out for Wednesday's game against the Cavaliers.,2026-02-16 17:01:38
1626156,D'Angelo Russell,O,"Feb 8: Wizards' GM, Will Darkins, said Sunday that he won't ask Russell to report to the team ""until we try to figure out what's best for him and us in our future,"" Henry J. Brown of SI reports.",2026-02-16 17:01:38
203076,Anthony Davis,O,"Feb 6: Davis (hand/groin) is expected to sit out the remainder of the 2025-26 season, Chris Haynes of NBA TV reports.",2026-02-16 17:01:38
1641715,Cam Whitmore,O,Jan 15: Whitmore has begun the recovery process for a diagnosed venous condition and he will miss the remainder of the 2025-26 season.,2026-02-16 17:01:38
1629027,Trae Young,O,"Jan 14: Young (knee, quadriceps) will be re-evaluated following the mid-February All-Star break, Shams Charania of ESPN reports.",2026-02-16 17:01:38
